"clust","lat","long","mobile","elect","bank","wealth","adm0","adm1","label","rural","weight"
1,0.324718,32.578131,1,0.833333333333333,NA,1.38258222222222,"Uganda","kampala","Uganda DHS 2011",0,14.788692
2,0.355171,32.598544,0.869565217391304,0.565217391304348,NA,1.27468956521739,"Uganda","kampala","Uganda DHS 2011",0,12.90645
4,0.303904,32.566707,0.91304347826087,0.739130434782609,NA,1.10179956521739,"Uganda","kampala","Uganda DHS 2011",0,53.355055
6,0.323517,32.57555,1,0.947368421052632,NA,2.80393105263158,"Uganda","kampala","Uganda DHS 2011",0,16.712913
8,0.365799,32.569438,0.954545454545455,0.818181818181818,NA,1.25484318181818,"Uganda","kampala","Uganda DHS 2011",0,13.727164
9,0.364168,32.563583,1,0.863636363636364,NA,1.33786090909091,"Uganda","kampala","Uganda DHS 2011",0,12.336456
11,0.362198,32.5604,1,0.85,NA,1.785034,"Uganda","kampala","Uganda DHS 2011",0,10.81124
13,0.381679,32.555084,0.952380952380952,0.857142857142857,NA,1.36388523809524,"Uganda","kampala","Uganda DHS 2011",0,1.704234
14,0.378687,32.562204,0.85,0.45,NA,1.2607195,"Uganda","kampala","Uganda DHS 2011",0,17.37406
16,0.374638,32.58106,1,0.826086956521739,NA,1.45280347826087,"Uganda","kampala","Uganda DHS 2011",0,11.355261
17,0.343151,32.573037,0.869565217391304,0.782608695652174,NA,1.45031304347826,"Uganda","kampala","Uganda DHS 2011",0,13.758439
18,0.361754,32.573666,0.761904761904762,0.80952380952381,NA,1.26358285714286,"Uganda","kampala","Uganda DHS 2011",0,9.8469
20,0.383193,32.563031,1,0.904761904761905,NA,1.91547047619048,"Uganda","kampala","Uganda DHS 2011",0,9.536772
21,0.391486,32.572141,0.842105263157895,0.578947368421053,NA,0.950176842105263,"Uganda","kampala","Uganda DHS 2011",0,12.393814
22,0.350017,32.585783,0.956521739130435,0.826086956521739,NA,1.12986043478261,"Uganda","kampala","Uganda DHS 2011",0,4.367217
23,0.305408,32.599922,0.76,0.52,NA,0.9049052,"Uganda","kampala","Uganda DHS 2011",0,67.365225
24,0.299188,32.613534,0.846153846153846,0.923076923076923,NA,2.41239769230769,"Uganda","kampala","Uganda DHS 2011",0,29.664648
25,0.299081,32.593913,0.764705882352941,0.647058823529412,NA,1.54098647058824,"Uganda","kampala","Uganda DHS 2011",0,12.027364
28,0.320455,32.612117,0.96,0.88,NA,1.2923224,"Uganda","kampala","Uganda DHS 2011",0,9.430575
29,0.324913,32.603977,0.909090909090909,0.772727272727273,NA,0.976763181818182,"Uganda","kampala","Uganda DHS 2011",0,25.721784
31,0.290288,32.63996,0.954545454545455,0.863636363636364,NA,1.89571681818182,"Uganda","kampala","Uganda DHS 2011",0,22.906972
32,0.311553,32.608876,0.916666666666667,0.375,NA,0.801455,"Uganda","kampala","Uganda DHS 2011",0,8.33244
35,0.245336,32.637751,0.916666666666667,0.625,NA,1.52793,"Uganda","kampala","Uganda DHS 2011",0,19.89996
36,0.296695,32.595668,1,1,NA,1.83270833333333,"Uganda","kampala","Uganda DHS 2011",0,14.88036
39,0.291511,32.604701,1,1,NA,2.0433504,"Uganda","kampala","Uganda DHS 2011",0,18.187125
41,0.302669,32.602866,0.958333333333333,0.666666666666667,NA,1.50336125,"Uganda","kampala","Uganda DHS 2011",0,19.179144
42,0.278124,32.586397,0.96,0.96,NA,1.6454004,"Uganda","kampala","Uganda DHS 2011",0,21.1291
44,0.353154,32.58368,0.894736842105263,0.842105263157895,NA,2.11254315789474,"Uganda","kampala","Uganda DHS 2011",0,10.192778
46,0.373567,32.616645,0.909090909090909,0.590909090909091,NA,1.39283954545455,"Uganda","kampala","Uganda DHS 2011",0,6.041662
48,0.307213,32.626443,0.941176470588235,0.882352941176471,NA,1.39934529411765,"Uganda","kampala","Uganda DHS 2011",0,13.986359
50,0.333747,32.590617,0.904761904761905,0.80952380952381,NA,1.33734904761905,"Uganda","kampala","Uganda DHS 2011",0,19.389573
52,0.304866,32.632625,1,0.863636363636364,NA,1.66545045454545,"Uganda","kampala","Uganda DHS 2011",0,4.629438
53,0.320293,32.65447,0.947368421052632,0.894736842105263,NA,1.71903842105263,"Uganda","kampala","Uganda DHS 2011",0,4.150037
54,0.304083,32.641462,1,0.80952380952381,NA,1.84184571428571,"Uganda","kampala","Uganda DHS 2011",0,15.885408
55,0.345643,32.604972,1,0.928571428571429,NA,2.86501214285714,"Uganda","kampala","Uganda DHS 2011",0,1.948618
58,0.311809,32.525559,0.944444444444444,0.777777777777778,NA,1.44150777777778,"Uganda","kampala","Uganda DHS 2011",0,14.917662
59,0.292881,32.547523,0.84,0.84,NA,1.2880948,"Uganda","kampala","Uganda DHS 2011",0,34.88565
60,0.285922,32.553927,0.875,0.875,NA,1.66567875,"Uganda","kampala","Uganda DHS 2011",0,1.462368
61,0.317991,32.613356,0.85,0.95,NA,1.7160945,"Uganda","kampala","Uganda DHS 2011",0,33.44278
62,0.342479,32.565237,0.958333333333333,0.75,NA,1.42996291666667,"Uganda","kampala","Uganda DHS 2011",0,23.503296
63,0.318557,32.576431,0.857142857142857,0.904761904761905,NA,1.55072380952381,"Uganda","kampala","Uganda DHS 2011",0,10.184454
64,0.329236,32.543532,1,0.818181818181818,NA,1.58487727272727,"Uganda","kampala","Uganda DHS 2011",0,9.323996
65,0.324758,32.551441,0.904761904761905,0.714285714285714,NA,1.66277380952381,"Uganda","kampala","Uganda DHS 2011",0,19.131903
66,0.309954,32.546801,0.947368421052632,0.842105263157895,NA,1.82867789473684,"Uganda","kampala","Uganda DHS 2011",0,15.887895
67,0.299065,32.545582,0.842105263157895,0.894736842105263,NA,1.44885894736842,"Uganda","kampala","Uganda DHS 2011",0,9.981669
69,0.286072,32.564358,1,0.842105263157895,NA,1.65098052631579,"Uganda","kampala","Uganda DHS 2011",0,12.543534
70,0.317532,32.550555,0.80952380952381,0.380952380952381,NA,0.504101904761905,"Uganda","kampala","Uganda DHS 2011",0,8.375325
72,0.304638,32.524993,0.909090909090909,0.5,NA,1.05954636363636,"Uganda","kampala","Uganda DHS 2011",0,9.893554
73,0.324509,32.533182,1,0.95,NA,1.7322445,"Uganda","kampala","Uganda DHS 2011",0,24.39382
74,0.28883,32.572195,0.916666666666667,0.583333333333333,NA,1.20370166666667,"Uganda","kampala","Uganda DHS 2011",0,8.790768
77,-0.616717,32.338252,0.608695652173913,0.0434782608695652,NA,-0.111677391304348,"Uganda","central 1","Uganda DHS 2011",1,62.980049
78,-0.364611,31.318073,0.75,0.25,NA,0.702700833333333,"Uganda","central 1","Uganda DHS 2011",0,5.167224
79,-0.301662,31.766108,0.869565217391304,0.304347826086957,NA,0.966393043478261,"Uganda","central 1","Uganda DHS 2011",0,19.730481
80,-0.377111,31.332236,0.826086956521739,0.217391304347826,NA,0.928933043478261,"Uganda","central 1","Uganda DHS 2011",0,6.184194
81,-0.149143,31.887567,0.863636363636364,0.318181818181818,NA,0.977225,"Uganda","central 1","Uganda DHS 2011",0,8.202876
84,-0.065719,31.595552,0.652173913043478,0,NA,0.0195452173913043,"Uganda","central 1","Uganda DHS 2011",1,29.525445
86,-0.439917,31.669382,0.68,0.04,NA,0.3755944,"Uganda","central 1","Uganda DHS 2011",1,36.6508
88,-0.334138,31.643582,0.6,0.04,NA,-0.2048388,"Uganda","central 1","Uganda DHS 2011",1,32.14815
90,-0.480598,31.35714,0.541666666666667,0,NA,0.00349333333333332,"Uganda","central 1","Uganda DHS 2011",1,29.53284
92,-0.380237,31.513526,0.826086956521739,0.0434782608695652,NA,0.115411739130435,"Uganda","central 1","Uganda DHS 2011",1,31.369792
95,-0.093981,31.813163,0.52,0.08,NA,-0.2305036,"Uganda","central 1","Uganda DHS 2011",1,26.48885
98,0.038669,31.704869,0.5,0,NA,-0.411309166666667,"Uganda","central 1","Uganda DHS 2011",1,38.938896
100,0.187,32.19979,0.608695652173913,0,NA,-0.00114304347826087,"Uganda","central 1","Uganda DHS 2011",1,25.598149
101,0.042744,31.867694,0.791666666666667,0,NA,-0.12824375,"Uganda","central 1","Uganda DHS 2011",1,29.217192
103,0.188008,31.797959,0.48,0,NA,-0.2598544,"Uganda","central 1","Uganda DHS 2011",1,55.767825
105,-0.067384,32.122295,0.478260869565217,0,NA,-0.205858695652174,"Uganda","central 1","Uganda DHS 2011",1,29.324149
107,0.196479,32.33155,0.863636363636364,0.136363636363636,NA,0.3782,"Uganda","central 1","Uganda DHS 2011",1,31.583046
109,0.001891,31.96699,0.5,0,NA,-0.489387916666667,"Uganda","central 1","Uganda DHS 2011",1,31.554
110,-0.241844,31.160065,0.5,0.0416666666666667,NA,-0.238052916666667,"Uganda","central 1","Uganda DHS 2011",1,43.429968
111,-0.847507,31.45713,0.75,0.0416666666666667,NA,-0.000897083333333328,"Uganda","central 1","Uganda DHS 2011",1,29.476992
112,-0.816082,31.436868,0.478260869565217,0,NA,-0.390301739130435,"Uganda","central 1","Uganda DHS 2011",1,36.663794
115,-0.672724,31.280246,0.681818181818182,0,NA,-0.35536,"Uganda","central 1","Uganda DHS 2011",1,32.271448
118,-0.555452,31.545267,0.681818181818182,0,NA,0.0884390909090909,"Uganda","central 1","Uganda DHS 2011",1,31.138008
120,-0.586264,31.666526,0.416666666666667,0,NA,-0.151555,"Uganda","central 1","Uganda DHS 2011",1,28.046904
122,-0.008755,31.445721,0.625,0,NA,-0.231972916666667,"Uganda","central 1","Uganda DHS 2011",1,41.520144
123,-0.205651,31.346449,0.545454545454545,0.0454545454545455,NA,-0.027405,"Uganda","central 1","Uganda DHS 2011",1,30.026524
126,0.303301,32.492145,0.875,0.8125,NA,1.624789375,"Uganda","central 1","Uganda DHS 2011",0,6.204352
127,0.148568,32.473697,0.954545454545455,0.863636363636364,NA,2.07891681818182,"Uganda","central 1","Uganda DHS 2011",0,8.913322
128,0.067261,32.458626,0.954545454545455,0.954545454545455,NA,1.62610909090909,"Uganda","central 1","Uganda DHS 2011",0,10.596168
129,0.059664,32.461734,1,0.857142857142857,NA,1.56288571428571,"Uganda","central 1","Uganda DHS 2011",0,9.549309
130,0.356375,32.65096,0.944444444444444,0.777777777777778,NA,1.43037055555556,"Uganda","central 1","Uganda DHS 2011",0,5.594706
131,0.391368,32.554487,0.909090909090909,0.727272727272727,NA,1.31990954545455,"Uganda","central 1","Uganda DHS 2011",0,9.001366
132,0.337865,32.496492,0.91304347826087,0.782608695652174,NA,1.70710043478261,"Uganda","central 1","Uganda DHS 2011",0,6.1019
133,0.255598,32.562104,1,0.818181818181818,NA,1.56910318181818,"Uganda","central 1","Uganda DHS 2011",0,7.288292
138,0.244854,32.575221,1,0.590909090909091,NA,0.911104090909091,"Uganda","central 1","Uganda DHS 2011",1,48.31046
141,0.358547,32.639434,0.941176470588235,0.470588235294118,NA,0.842577058823529,"Uganda","central 1","Uganda DHS 2011",1,57.781266
145,0.387252,32.536992,0.8125,0.375,NA,0.95005875,"Uganda","central 1","Uganda DHS 2011",1,30.688112
149,0.267553,32.582811,1,0.727272727272727,NA,1.29129181818182,"Uganda","central 1","Uganda DHS 2011",1,13.541506
150,0.226449,32.557105,0.9375,0.625,NA,1.171080625,"Uganda","central 1","Uganda DHS 2011",1,123.879392
151,0.720866,32.905351,0.64,0,NA,0.0310856,"Uganda","central 2","Uganda DHS 2011",0,9.89005
152,1.20898,32.82374,0.583333333333333,0,NA,-0.551984583333333,"Uganda","central 2","Uganda DHS 2011",1,37.742328
155,0.745331,32.989808,0.608695652173913,0.0434782608695652,NA,-0.267908260869565,"Uganda","central 2","Uganda DHS 2011",1,24.655011
157,0.656998,32.940866,0.772727272727273,0.272727272727273,NA,0.311347272727273,"Uganda","central 2","Uganda DHS 2011",1,37.526632
158,0.915711,31.749263,0.894736842105263,0.157894736842105,NA,0.771626842105263,"Uganda","central 2","Uganda DHS 2011",0,37.428214
161,1.191574,31.790788,0.91304347826087,0.0869565217391304,NA,0.245773043478261,"Uganda","central 2","Uganda DHS 2011",1,13.309594
164,1.239933,31.396594,0.695652173913043,0,NA,-0.31284347826087,"Uganda","central 2","Uganda DHS 2011",1,33.099438
165,0.863958,32.492785,0.772727272727273,0.363636363636364,NA,0.928552272727273,"Uganda","central 2","Uganda DHS 2011",0,22.756316
166,0.707318,32.524945,0.91304347826087,0.304347826086957,NA,1.00097217391304,"Uganda","central 2","Uganda DHS 2011",0,21.028302
167,0.700849,32.639623,0.695652173913043,0,NA,-0.355937391304348,"Uganda","central 2","Uganda DHS 2011",1,26.481303
169,0.915204,32.673994,0.608695652173913,0.0434782608695652,NA,0.0818486956521739,"Uganda","central 2","Uganda DHS 2011",1,40.444856
172,0.786689,32.570551,0.347826086956522,0.0434782608695652,NA,-0.230414782608696,"Uganda","central 2","Uganda DHS 2011",1,26.685773
175,0.409905,32.055834,0.826086956521739,0.347826086956522,NA,0.931883043478261,"Uganda","central 2","Uganda DHS 2011",0,52.61089
176,0.407359,32.187429,0.565217391304348,0,NA,-0.172600434782609,"Uganda","central 2","Uganda DHS 2011",1,22.784835
178,0.435191,32.087098,0.833333333333333,0.0416666666666667,NA,-0.06047125,"Uganda","central 2","Uganda DHS 2011",1,19.947912
180,0.419909,32.219317,0.56,0.08,NA,-0.093514,"Uganda","central 2","Uganda DHS 2011",1,26.6801
182,0.307526,31.984033,0.6,0.04,NA,-0.1990188,"Uganda","central 2","Uganda DHS 2011",1,23.266675
184,0.569886,31.375182,0.80952380952381,0.0476190476190476,NA,-0.0583619047619048,"Uganda","central 2","Uganda DHS 2011",1,13.945806
185,0.387282,31.272047,0.64,0,NA,-0.258612,"Uganda","central 2","Uganda DHS 2011",1,11.55005
187,0.559676,31.439357,0.478260869565217,0.0434782608695652,NA,-0.46250652173913,"Uganda","central 2","Uganda DHS 2011",1,42.755298
189,0.367059,31.271198,0.666666666666667,0,NA,-0.28712,"Uganda","central 2","Uganda DHS 2011",1,24.446064
191,0.367841,31.840472,0.608695652173913,0,NA,-0.128490434782609,"Uganda","central 2","Uganda DHS 2011",1,27.936582
193,0.465854,31.662434,0.56,0.04,NA,-0.1511044,"Uganda","central 2","Uganda DHS 2011",1,29.501725
195,0.431072,32.750749,1,0.842105263157895,NA,1.82390157894737,"Uganda","central 2","Uganda DHS 2011",0,2.458201
196,0.357579,32.743198,1,0.80952380952381,NA,1.49005714285714,"Uganda","central 2","Uganda DHS 2011",0,9.418542
197,0.42663,33.146853,0.95,0.65,NA,1.437378,"Uganda","central 2","Uganda DHS 2011",0,19.38408
198,0.355982,32.710056,0.947368421052632,0.789473684210526,NA,1.46365526315789,"Uganda","central 2","Uganda DHS 2011",0,8.935909
200,0.248471,32.913428,0.625,0,NA,0.0148283333333333,"Uganda","central 2","Uganda DHS 2011",1,23.502912
202,0.424213,33.009498,0.555555555555556,0,NA,-0.174098888888889,"Uganda","central 2","Uganda DHS 2011",1,25.705476
204,0.412782,33.109677,0.681818181818182,0.318181818181818,NA,0.831031363636364,"Uganda","central 2","Uganda DHS 2011",1,33.693264
207,0.142807,33.319904,0.565217391304348,0,NA,-0.429228695652174,"Uganda","central 2","Uganda DHS 2011",1,39.396746
208,0.401919,32.689915,0.91304347826087,0.695652173913043,NA,1.41318695652174,"Uganda","central 2","Uganda DHS 2011",1,20.235101
211,0.374188,32.80887,0.76,0,NA,0.3290564,"Uganda","central 2","Uganda DHS 2011",1,31.51065
212,0.393434,32.843806,0.91304347826087,0.652173913043478,NA,1.0090852173913,"Uganda","central 2","Uganda DHS 2011",1,41.749554
214,0.648913,32.806294,0.56,0.04,NA,-0.1007248,"Uganda","central 2","Uganda DHS 2011",1,19.8519
217,0.714486,32.834001,0.521739130434783,0.0434782608695652,NA,-0.302865217391304,"Uganda","central 2","Uganda DHS 2011",1,17.346807
219,0,0,0.76,0.12,NA,0.2171808,"Uganda","central 2","Uganda DHS 2011",1,24.657475
221,0.562356,32.300107,0.666666666666667,0,NA,-0.0623408333333333,"Uganda","central 2","Uganda DHS 2011",1,28.5948
222,1.318664,32.462869,0.863636363636364,0.636363636363636,NA,1.31766,"Uganda","central 2","Uganda DHS 2011",0,11.080278
223,1.033063,32.539804,0.523809523809524,0,NA,-0.303457619047619,"Uganda","central 2","Uganda DHS 2011",1,25.856523
224,1.538981,32.351908,0.6,0,NA,-0.312654,"Uganda","central 2","Uganda DHS 2011",1,28.2305
226,0.57399,33.770965,0.76,0.16,NA,0.869358,"Uganda","east central","Uganda DHS 2011",0,5.21435
228,0.456971,33.843369,0.458333333333333,0,NA,-0.502064583333333,"Uganda","east central","Uganda DHS 2011",1,19.069776
230,0.437531,33.87628,0.347826086956522,0,NA,-0.765222173913043,"Uganda","east central","Uganda DHS 2011",1,25.083087
232,0.343958,33.874543,0.666666666666667,0,NA,0.264065,"Uganda","east central","Uganda DHS 2011",1,21.974256
234,0.562239,33.865912,0.434782608695652,0,NA,-0.653740434782609,"Uganda","east central","Uganda DHS 2011",1,29.919343
237,-0.114633,33.69437,0.833333333333333,0,NA,-0.4171725,"Uganda","east central","Uganda DHS 2011",1,23.609328
238,0.220286,33.763475,0.55,0,NA,-0.6829875,"Uganda","east central","Uganda DHS 2011",1,28.24924
239,0.604234,33.472354,0.85,0.4,NA,0.790205,"Uganda","east central","Uganda DHS 2011",0,24.09752
240,0.779776,33.622051,0.833333333333333,0.166666666666667,NA,0.658165833333333,"Uganda","east central","Uganda DHS 2011",0,29.636496
242,0.591379,33.558323,0.56,0.08,NA,-0.178274,"Uganda","east central","Uganda DHS 2011",1,33.693775
243,0.488264,33.564024,0.545454545454545,0,NA,-0.384339090909091,"Uganda","east central","Uganda DHS 2011",1,29.682158
246,0.870756,33.714701,0.5,0,NA,-0.205289166666667,"Uganda","east central","Uganda DHS 2011",1,5.040336
250,0.681781,33.603116,0.666666666666667,0,NA,-0.21641625,"Uganda","east central","Uganda DHS 2011",1,28.29588
252,0.713404,33.530474,0.44,0,NA,-0.5293652,"Uganda","east central","Uganda DHS 2011",1,5.1615
254,0.67762,33.35121,0.608695652173913,0,NA,-0.189541739130435,"Uganda","east central","Uganda DHS 2011",1,18.613854
256,0.689765,33.272335,0.318181818181818,0.0454545454545455,NA,-0.235471363636364,"Uganda","east central","Uganda DHS 2011",1,20.915202
259,0.630361,33.385146,0.4,0,NA,-0.3233176,"Uganda","east central","Uganda DHS 2011",1,20.02545
260,0.460316,33.198161,0.88,0.56,NA,1.2651588,"Uganda","east central","Uganda DHS 2011",0,15.069275
261,0.437969,33.2257,0.64,0.04,NA,-0.256958,"Uganda","east central","Uganda DHS 2011",0,11.1438
262,0.468878,33.210931,0.869565217391304,0.173913043478261,NA,0.730015652173913,"Uganda","east central","Uganda DHS 2011",0,29.513715
263,0.457212,33.237719,0.909090909090909,0.590909090909091,NA,1.37633454545455,"Uganda","east central","Uganda DHS 2011",0,19.936708
266,0.518711,33.197731,0.739130434782609,0.0869565217391304,NA,0.166019565217391,"Uganda","east central","Uganda DHS 2011",1,23.704329
269,0.62907,33.111307,0.434782608695652,0,NA,-0.236566086956522,"Uganda","east central","Uganda DHS 2011",1,22.57243
271,0.579556,33.23018,0.578947368421053,0.0526315789473684,NA,0.0780689473684211,"Uganda","east central","Uganda DHS 2011",1,18.253813
274,1.049169,33.216531,0.458333333333333,0,NA,-0.2264,"Uganda","east central","Uganda DHS 2011",1,25.669584
276,1.298944,33.327392,0.434782608695652,0,NA,-0.631095652173913,"Uganda","east central","Uganda DHS 2011",1,24.349226
278,1.374958,32.995319,0.666666666666667,0,NA,-0.2938675,"Uganda","east central","Uganda DHS 2011",1,35.186088
280,0.854025,33.253499,0.583333333333333,0.0416666666666667,NA,0.0285183333333333,"Uganda","east central","Uganda DHS 2011",1,26.236824
282,0.87463,33.184703,0.652173913043478,0.304347826086957,NA,0.32039,"Uganda","east central","Uganda DHS 2011",1,34.78382
284,0.97447,33.21317,0.333333333333333,0,NA,-0.390715416666667,"Uganda","east central","Uganda DHS 2011",1,19.463544
287,0.964341,33.509117,0.458333333333333,0,NA,-0.449945,"Uganda","east central","Uganda DHS 2011",1,15.838296
289,1.217782,33.436982,0.541666666666667,0,NA,-0.5441825,"Uganda","east central","Uganda DHS 2011",1,30.202728
291,0.695844,33.098299,0.541666666666667,0,NA,-0.33166,"Uganda","east central","Uganda DHS 2011",1,25.638528
293,0.771282,33.097753,0.608695652173913,0.0869565217391304,NA,0.219266956521739,"Uganda","east central","Uganda DHS 2011",1,27.761322
294,0.802777,33.73468,0.52,0,NA,-0.4035552,"Uganda","east central","Uganda DHS 2011",1,22.062775
295,0.841287,33.692326,0.727272727272727,0.318181818181818,NA,0.828386818181818,"Uganda","east central","Uganda DHS 2011",0,7.062352
297,0.434793,33.398802,0.523809523809524,0,NA,-0.165371904761905,"Uganda","east central","Uganda DHS 2011",1,37.41864
299,0.355663,33.503567,0.541666666666667,0,NA,-0.323675,"Uganda","east central","Uganda DHS 2011",1,25.427208
302,0.354998,34.008079,0.608695652173913,0.0434782608695652,NA,-0.0898995652173913,"Uganda","east central","Uganda DHS 2011",1,20.636566
305,0.386814,34.047757,0.5,0,NA,-0.509354090909091,"Uganda","east central","Uganda DHS 2011",1,17.908528
306,1.249232,34.774664,0.25,0,NA,-0.692427083333333,"Uganda","eastern","Uganda DHS 2011",1,36.772368
308,1.334351,34.366929,0.428571428571429,0,NA,-0.499480952380952,"Uganda","eastern","Uganda DHS 2011",1,36.508752
309,1.08188,34.152051,0.791666666666667,0.458333333333333,NA,0.816762916666667,"Uganda","eastern","Uganda DHS 2011",0,4.84116
310,1.077355,34.213475,1,1,NA,2.52834733333333,"Uganda","eastern","Uganda DHS 2011",0,1.657725
312,0.790028,34.361432,0.608695652173913,0,NA,-0.196852608695652,"Uganda","eastern","Uganda DHS 2011",1,19.662907
313,0.91084,34.369182,0.458333333333333,0.0833333333333333,NA,-0.334817916666667,"Uganda","eastern","Uganda DHS 2011",1,14.747496
315,0.982888,34.318798,0.590909090909091,0,NA,-0.240267272727273,"Uganda","eastern","Uganda DHS 2011",1,30.736332
317,1.029352,34.220413,0.375,0.166666666666667,NA,-0.327133333333333,"Uganda","eastern","Uganda DHS 2011",1,38.85036
319,0.980725,34.162559,0.434782608695652,0.0434782608695652,NA,-0.235452608695652,"Uganda","eastern","Uganda DHS 2011",1,38.333272
321,1.001119,34.443812,0.2,0,NA,-0.5371245,"Uganda","eastern","Uganda DHS 2011",1,37.83152
323,1.18255,33.686825,0.333333333333333,0,NA,-0.276150416666667,"Uganda","eastern","Uganda DHS 2011",0,15.402936
325,1.141066,33.879648,0.608695652173913,0.0434782608695652,NA,-0.0349421739130435,"Uganda","eastern","Uganda DHS 2011",1,39.881839
327,1.007753,33.853513,0.56,0,NA,-0.306122,"Uganda","eastern","Uganda DHS 2011",1,41.04475
328,1.235212,33.585401,0.4,0,NA,-0.5251272,"Uganda","eastern","Uganda DHS 2011",1,40.71665
331,1.06771,34.076859,0.24,0,NA,-0.5636324,"Uganda","eastern","Uganda DHS 2011",1,39.250225
332,1.144695,34.282622,0.681818181818182,0.227272727272727,NA,0.231798636363636,"Uganda","eastern","Uganda DHS 2011",0,9.058236
333,1.151679,34.369168,0.434782608695652,0,NA,-0.450133043478261,"Uganda","eastern","Uganda DHS 2011",1,27.57562
335,1.138277,34.268296,0.565217391304348,0.0869565217391304,NA,-0.250032608695652,"Uganda","eastern","Uganda DHS 2011",1,37.73288
338,0.676497,34.188347,0.583333333333333,0.25,NA,0.52191,"Uganda","eastern","Uganda DHS 2011",0,17.37072
339,0.709386,33.886174,0.375,0,NA,-0.553782916666667,"Uganda","eastern","Uganda DHS 2011",1,31.217616
340,0.900754,33.940027,0.555555555555556,0.111111111111111,NA,-0.135248888888889,"Uganda","eastern","Uganda DHS 2011",1,38.653038
342,0.648191,34.234604,0.44,0,NA,-0.539934,"Uganda","eastern","Uganda DHS 2011",1,40.628825
345,0.629127,33.994059,0.416666666666667,0,NA,-0.67981,"Uganda","eastern","Uganda DHS 2011",1,35.99208
346,0.812973,34.077778,0.375,0,NA,-0.551629583333333,"Uganda","eastern","Uganda DHS 2011",1,37.995288
348,2.009065,33.84554,0.318181818181818,0,NA,-0.855336363636364,"Uganda","eastern","Uganda DHS 2011",1,23.429604
349,2.13719,33.641947,0.272727272727273,0,NA,-0.889600909090909,"Uganda","eastern","Uganda DHS 2011",1,33.210892
351,1.261163,34.019736,0.4,0,NA,-0.773284,"Uganda","eastern","Uganda DHS 2011",1,41.741075
353,1.251357,34.17136,0.291666666666667,0,NA,-0.79398,"Uganda","eastern","Uganda DHS 2011",1,40.299192
354,1.914751,33.230352,0.48,0,NA,-0.4965368,"Uganda","eastern","Uganda DHS 2011",1,37.46115
356,1.715493,33.340483,0.363636363636364,0,NA,-0.827214545454545,"Uganda","eastern","Uganda DHS 2011",1,45.387914
358,2.004497,33.748627,0.608695652173913,0,NA,-0.812270434782609,"Uganda","eastern","Uganda DHS 2011",1,25.005899
361,2.034626,33.931845,0.32,0,NA,-0.8767328,"Uganda","eastern","Uganda DHS 2011",1,12.058475
362,1.489708,33.942327,0.681818181818182,0.181818181818182,NA,0.384353636363636,"Uganda","eastern","Uganda DHS 2011",0,35.203168
364,1.277344,33.872068,0.409090909090909,0,NA,-0.539374090909091,"Uganda","eastern","Uganda DHS 2011",1,37.655156
366,0,0,0.2,0,NA,-0.7647568,"Uganda","eastern","Uganda DHS 2011",1,52.269875
367,1.576364,33.814327,0.44,0,NA,-0.7211944,"Uganda","eastern","Uganda DHS 2011",1,25.947125
369,1.882583,33.193438,0.681818181818182,0,NA,0.0408086363636364,"Uganda","eastern","Uganda DHS 2011",0,14.812204
372,1.445355,33.471721,0.217391304347826,0,NA,-0.769472608695652,"Uganda","eastern","Uganda DHS 2011",1,25.746246
374,1.846912,33.603467,0.5,0,NA,-0.573622727272727,"Uganda","eastern","Uganda DHS 2011",1,20.250098
376,1.82813,33.495888,0.44,0,NA,-0.8481704,"Uganda","eastern","Uganda DHS 2011",1,42.86935
378,2.161698,32.843172,0.48,0,NA,-0.455326,"Uganda","north","Uganda DHS 2011",1,31.551625
380,2.230225,32.626881,0.166666666666667,0,NA,-0.567670416666667,"Uganda","north","Uganda DHS 2011",1,27.419472
382,2.129171,32.786376,0.5,0,NA,-0.550047083333333,"Uganda","north","Uganda DHS 2011",1,28.118856
384,2.089716,32.632011,0.28,0,NA,-0.5218716,"Uganda","north","Uganda DHS 2011",1,25.4478
386,1.793301,32.376165,0.64,0,NA,-0.3032952,"Uganda","north","Uganda DHS 2011",1,14.87155
387,2.023405,32.493305,0.666666666666667,0,NA,-0.579199166666667,"Uganda","north","Uganda DHS 2011",1,19.551456
389,1.8399,32.351018,0.36,0,NA,-0.6352248,"Uganda","north","Uganda DHS 2011",1,29.736275
390,2.207274,32.314369,0.44,0,NA,-0.6902204,"Uganda","north","Uganda DHS 2011",1,35.100425
392,2.154008,32.517867,0.44,0,NA,-0.7097968,"Uganda","north","Uganda DHS 2011",1,32.71385
393,2.313664,32.538077,0.6,0,NA,-0.5942176,"Uganda","north","Uganda DHS 2011",1,16.6637
395,2.494387,32.512654,0.36,0,NA,-0.5901312,"Uganda","north","Uganda DHS 2011",1,31.541
397,2.773405,32.266599,0.6,0,NA,-0.5285024,"Uganda","north","Uganda DHS 2011",0,3.5308
398,2.768075,32.288053,0.833333333333333,0.166666666666667,NA,0.106195,"Uganda","north","Uganda DHS 2011",0,0.843492
399,2.767147,32.309693,0.681818181818182,0.136363636363636,NA,0.0420831818181818,"Uganda","north","Uganda DHS 2011",0,7.577834
403,3.461403,32.052909,0.714285714285714,0,NA,-0.57249619047619,"Uganda","north","Uganda DHS 2011",1,7.278159
404,3.074264,32.149082,0.782608695652174,0,NA,-0.702913913043478,"Uganda","north","Uganda DHS 2011",1,41.687477
406,3.012798,32.154984,0.36,0.04,NA,-0.7754444,"Uganda","north","Uganda DHS 2011",1,10.130975
408,2.536799,32.37613,0.476190476190476,0,NA,-0.669949523809524,"Uganda","north","Uganda DHS 2011",1,37.041585
410,2.703607,32.550714,0.260869565217391,0,NA,-0.951816956521739,"Uganda","north","Uganda DHS 2011",1,54.707294
411,3.297082,32.875174,0.95,0.75,NA,0.830314,"Uganda","north","Uganda DHS 2011",0,13.00742
412,3.250455,32.856479,0.894736842105263,0.105263157894737,NA,0.479947894736842,"Uganda","north","Uganda DHS 2011",0,1.798255
414,3.174273,33.10992,0.333333333333333,0.0476190476190476,NA,-0.943876190476191,"Uganda","north","Uganda DHS 2011",1,10.080273
417,3.58296,32.632351,0.526315789473684,0,NA,-0.839224736842105,"Uganda","north","Uganda DHS 2011",1,11.534254
419,2.245613,32.891329,0.882352941176471,0.235294117647059,NA,0.577715294117647,"Uganda","north","Uganda DHS 2011",0,9.555428
420,2.255679,32.900965,0.833333333333333,0.222222222222222,NA,0.731297222222222,"Uganda","north","Uganda DHS 2011",0,6.714
421,2.248977,32.889514,0.833333333333333,0.166666666666667,NA,0.407495555555556,"Uganda","north","Uganda DHS 2011",0,4.918734
422,2.228482,32.875979,0.8125,0.3125,NA,0.93706125,"Uganda","north","Uganda DHS 2011",0,3.324656
426,2.271383,32.921807,0.458333333333333,0,NA,-0.56306875,"Uganda","north","Uganda DHS 2011",1,36.47616
429,2.485268,32.844373,0.478260869565217,0,NA,-0.768239565217391,"Uganda","north","Uganda DHS 2011",1,19.682434
431,2.410778,32.974363,0.333333333333333,0,NA,-0.672177916666667,"Uganda","north","Uganda DHS 2011",1,33.8328
433,1.723559,32.854697,0.521739130434783,0,NA,-0.537276956521739,"Uganda","north","Uganda DHS 2011",1,24.73811
437,2.363743,33.216649,0.333333333333333,0,NA,-0.749995416666667,"Uganda","north","Uganda DHS 2011",1,31.627728
440,2.506166,33.277624,0.217391304347826,0,NA,-0.899079565217391,"Uganda","north","Uganda DHS 2011",1,21.054752
443,2.985795,32.663376,0.352941176470588,0,NA,-0.915897647058823,"Uganda","north","Uganda DHS 2011",1,12.977766
445,2.890781,32.909704,0.260869565217391,0,NA,-0.929244347826087,"Uganda","north","Uganda DHS 2011",1,14.44124
446,2.937021,33.021183,0.5,0,NA,-0.934866111111111,"Uganda","north","Uganda DHS 2011",1,19.257264
448,2.833185,33.282552,0.291666666666667,0,NA,-0.875692916666667,"Uganda","north","Uganda DHS 2011",1,9.232368
450,3.086489,33.405019,0.238095238095238,0,NA,-0.893946666666667,"Uganda","north","Uganda DHS 2011",1,17.517864
452,3.022794,34.116785,0.75,0,NA,0.1887295,"Uganda","karamoja","Uganda DHS 2011",0,8.98804
453,3.719369,34.224891,0.181818181818182,0.0454545454545455,NA,-1.11643772727273,"Uganda","karamoja","Uganda DHS 2011",1,2.09418
454,3.642466,34.106795,0,0,NA,-1.1754247826087,"Uganda","karamoja","Uganda DHS 2011",1,3.626778
455,3.630393,33.91653,0.0434782608695652,0,NA,-1.23214130434783,"Uganda","karamoja","Uganda DHS 2011",1,3.063738
456,2.9995,34.054474,0.0476190476190476,0,NA,-1.23353047619048,"Uganda","karamoja","Uganda DHS 2011",1,10.074141
457,3.760143,33.749376,0.785714285714286,0.214285714285714,NA,0.639445714285714,"Uganda","karamoja","Uganda DHS 2011",1,2.010372
458,3.596187,34.098312,0,0,NA,-1.20758428571429,"Uganda","karamoja","Uganda DHS 2011",1,5.433519
459,3.573968,34.006981,0.05,0,NA,-1.1778625,"Uganda","karamoja","Uganda DHS 2011",1,3.812
460,0,0,0,0,NA,-1.24497409090909,"Uganda","karamoja","Uganda DHS 2011",1,1.500378
461,3.441067,34.084256,0,0,NA,-1.21490913043478,"Uganda","karamoja","Uganda DHS 2011",1,7.081976
462,3.371513,34.153579,0,0,NA,-1.16157,"Uganda","karamoja","Uganda DHS 2011",1,3.709049
463,3.585911,34.154238,0.0869565217391304,0,NA,-1.08229695652174,"Uganda","karamoja","Uganda DHS 2011",1,3.426333
464,3.512753,34.084796,0,0,NA,-1.21772227272727,"Uganda","karamoja","Uganda DHS 2011",1,8.117362
465,3.044546,34.093808,0.0416666666666667,0,NA,-1.24888083333333,"Uganda","karamoja","Uganda DHS 2011",1,25.373088
466,3.042852,34.12399,0.0476190476190476,0,NA,-1.2318819047619,"Uganda","karamoja","Uganda DHS 2011",1,3.927756
467,2.917659,34.10302,0.04,0,NA,-1.2296136,"Uganda","karamoja","Uganda DHS 2011",1,12.721425
468,2.963157,34.137801,0.52,0.08,NA,-0.4634188,"Uganda","karamoja","Uganda DHS 2011",1,5.11645
469,3.105581,34.059947,0.0416666666666667,0,NA,-1.11061833333333,"Uganda","karamoja","Uganda DHS 2011",1,18.133704
470,2.620998,33.657362,0.315789473684211,0,NA,-0.856797894736842,"Uganda","karamoja","Uganda DHS 2011",1,15.610305
471,2.511105,33.601392,0.388888888888889,0,NA,-1.06318,"Uganda","karamoja","Uganda DHS 2011",1,0.763992
472,2.580898,33.862203,0.16,0.04,NA,-0.9731248,"Uganda","karamoja","Uganda DHS 2011",1,7.1706
473,1.985783,34.266687,0.04,0,NA,-1.2738012,"Uganda","karamoja","Uganda DHS 2011",1,8.3352
474,2.482738,34.327921,0.0869565217391304,0,NA,-1.23395173913043,"Uganda","karamoja","Uganda DHS 2011",1,3.979736
475,2.385044,34.565053,0.0625,0,NA,-1.260855625,"Uganda","karamoja","Uganda DHS 2011",1,4.47648
476,2.366751,34.528628,0.25,0,NA,-1.0024335,"Uganda","karamoja","Uganda DHS 2011",1,7.29152
477,2.432525,34.465135,0.315789473684211,0,NA,-0.834413157894737,"Uganda","karamoja","Uganda DHS 2011",1,7.783597
478,2.552455,34.717003,0,0,NA,-1.19856652173913,"Uganda","karamoja","Uganda DHS 2011",1,3.206016
479,2.72376,34.561401,0.130434782608696,0,NA,-1.24132130434783,"Uganda","karamoja","Uganda DHS 2011",1,11.598647
480,2.567598,34.599746,0,0,NA,-1.2659580952381,"Uganda","karamoja","Uganda DHS 2011",1,2.565003
481,1.942766,34.935044,0.7,0,NA,-0.118628,"Uganda","karamoja","Uganda DHS 2011",0,9.66474
482,1.846083,34.681239,0.466666666666667,0,NA,-0.554554,"Uganda","karamoja","Uganda DHS 2011",1,53.38206
483,1.858768,34.563683,0.0952380952380952,0,NA,-1.24975714285714,"Uganda","karamoja","Uganda DHS 2011",1,28.670796
484,1.91437,34.464463,0.05,0,NA,-1.236719,"Uganda","karamoja","Uganda DHS 2011",1,8.6274
485,1.863445,34.993543,0.0952380952380952,0,NA,-1.09442047619048,"Uganda","karamoja","Uganda DHS 2011",1,2.007894
486,1.480831,34.757981,0.166666666666667,0,NA,-1.14345555555556,"Uganda","karamoja","Uganda DHS 2011",1,2.70738
488,3.395622,31.800388,0.782608695652174,0.0434782608695652,NA,0.0482321739130435,"Uganda","west-nile","Uganda DHS 2011",0,3.86515
491,3.421733,31.929428,0.3,0,NA,-0.830516,"Uganda","west-nile","Uganda DHS 2011",1,9.03632
493,3.221716,31.805115,0.25,0,NA,-0.97245125,"Uganda","west-nile","Uganda DHS 2011",1,3.68288
494,3.363216,31.881964,0.545454545454545,0,NA,-0.730832272727273,"Uganda","west-nile","Uganda DHS 2011",1,9.65261
495,3.025969,30.912527,0.714285714285714,0.285714285714286,NA,0.570347619047619,"Uganda","west-nile","Uganda DHS 2011",0,7.279671
496,3.038158,30.904898,0.818181818181818,0.136363636363636,NA,0.374093636363636,"Uganda","west-nile","Uganda DHS 2011",0,8.801716
497,3.408858,30.958992,0.958333333333333,0.0416666666666667,NA,0.107936666666667,"Uganda","west-nile","Uganda DHS 2011",0,2.913048
498,3.033761,30.887579,0.608695652173913,0,NA,-0.460219565217391,"Uganda","west-nile","Uganda DHS 2011",1,21.362446
501,3.073661,30.931805,0.478260869565217,0,NA,-0.581644347826087,"Uganda","west-nile","Uganda DHS 2011",1,16.687397
503,2.993403,30.916336,0.458333333333333,0,NA,-0.733985416666667,"Uganda","west-nile","Uganda DHS 2011",1,14.653272
506,3.480117,31.010671,0.571428571428571,0,NA,-0.716606666666667,"Uganda","west-nile","Uganda DHS 2011",1,12.858174
510,3.071358,31.266031,0.421052631578947,0,NA,-0.792951052631579,"Uganda","west-nile","Uganda DHS 2011",1,2.625059
511,3.287138,30.99033,0.36,0,NA,-0.7146516,"Uganda","west-nile","Uganda DHS 2011",1,28.316275
513,3.284968,30.894379,0.458333333333333,0,NA,-0.761074583333333,"Uganda","west-nile","Uganda DHS 2011",1,21.698328
515,3.27448,30.892833,0.375,0,NA,-0.73763125,"Uganda","west-nile","Uganda DHS 2011",1,18.085728
518,3.058562,31.012297,0.333333333333333,0,NA,-0.65986625,"Uganda","west-nile","Uganda DHS 2011",1,18.909096
520,3.200673,31.248821,0.35,0,NA,-0.897879,"Uganda","west-nile","Uganda DHS 2011",1,1.57768
521,3.267437,31.15045,0.636363636363636,0,NA,-0.594032727272727,"Uganda","west-nile","Uganda DHS 2011",1,26.92382
523,3.070577,31.284616,0.428571428571429,0,NA,-0.890054761904762,"Uganda","west-nile","Uganda DHS 2011",1,4.932795
524,2.811818,31.006655,0.695652173913043,0.0869565217391304,NA,-0.429436086956522,"Uganda","west-nile","Uganda DHS 2011",1,3.537768
527,3.674297,31.734715,0.916666666666667,0.333333333333333,NA,0.9857225,"Uganda","west-nile","Uganda DHS 2011",0,3.3366
530,3.573196,31.837529,0.44,0,NA,-0.3744912,"Uganda","west-nile","Uganda DHS 2011",1,9.7406
532,3.674754,31.832076,0.458333333333333,0.333333333333333,NA,-0.47088875,"Uganda","west-nile","Uganda DHS 2011",1,14.932248
534,2.489716,31.102504,0.681818181818182,0,NA,-0.275275909090909,"Uganda","west-nile","Uganda DHS 2011",0,5.899806
535,2.473168,31.472366,0.76,0,NA,-0.4988008,"Uganda","west-nile","Uganda DHS 2011",0,7.244475
536,2.453873,31.485369,0.636363636363636,0.0454545454545455,NA,-0.264315,"Uganda","west-nile","Uganda DHS 2011",0,4.585966
537,2.432313,30.992024,0.583333333333333,0.0416666666666667,NA,-0.319550833333333,"Uganda","west-nile","Uganda DHS 2011",0,5.765424
540,2.726462,31.403266,0.454545454545455,0,NA,-0.759238181818182,"Uganda","west-nile","Uganda DHS 2011",1,23.31648
542,2.378942,30.862382,0.3,0,NA,-0.802196,"Uganda","west-nile","Uganda DHS 2011",1,19.197
544,2.596954,30.858325,0.32,0,NA,-0.5489836,"Uganda","west-nile","Uganda DHS 2011",1,19.24115
546,2.498236,30.803117,0.5,0,NA,-0.589709545454545,"Uganda","west-nile","Uganda DHS 2011",1,17.95233
549,2.409863,31.076031,0.347826086956522,0,NA,-0.820087826086957,"Uganda","west-nile","Uganda DHS 2011",1,15.007247
550,2.562377,31.240818,0.5,0,NA,-0.538483636363636,"Uganda","west-nile","Uganda DHS 2011",1,16.92438
552,2.44372,31.232836,0.478260869565217,0,NA,-0.614264347826087,"Uganda","west-nile","Uganda DHS 2011",1,15.338424
554,3.473372,31.245688,0.434782608695652,0,NA,-0.725590869565217,"Uganda","west-nile","Uganda DHS 2011",1,9.556845
555,3.499043,31.220702,0.25,0,NA,-0.853514583333333,"Uganda","west-nile","Uganda DHS 2011",1,16.406496
558,3.392169,31.404875,0.458333333333333,0,NA,-0.770286666666667,"Uganda","west-nile","Uganda DHS 2011",1,18.253896
559,3.573933,31.253638,0.318181818181818,0,NA,-0.753221363636364,"Uganda","west-nile","Uganda DHS 2011",1,15.231392
560,3.346574,31.238263,0.409090909090909,0,NA,-0.676109090909091,"Uganda","west-nile","Uganda DHS 2011",1,11.28831
561,3.310233,31.410178,0.45,0,NA,-0.867773,"Uganda","west-nile","Uganda DHS 2011",1,6.67544
562,3.485215,31.465495,0.388888888888889,0,NA,-0.770441666666667,"Uganda","west-nile","Uganda DHS 2011",1,15.134202
563,0.71457,30.069892,0.863636363636364,0.318181818181818,NA,0.569788181818182,"Uganda","western","Uganda DHS 2011",0,16.814446
565,0.689509,30.081424,0.714285714285714,0,NA,-0.403060952380952,"Uganda","western","Uganda DHS 2011",1,10.927938
567,1.489181,30.98502,0.565217391304348,0,NA,-0.499860434782609,"Uganda","western","Uganda DHS 2011",1,23.617527
570,1.536667,30.994529,0.5625,0,NA,-0.570258125,"Uganda","western","Uganda DHS 2011",1,32.766656
571,1.579751,31.217381,0.4,0,NA,-0.5744888,"Uganda","western","Uganda DHS 2011",1,9.058375
575,1.206823,31.013881,0.5,0,NA,-0.38699125,"Uganda","western","Uganda DHS 2011",1,27.165024
576,1.316574,31.195113,0.833333333333333,0.0833333333333333,NA,0.0190245833333333,"Uganda","western","Uganda DHS 2011",1,28.4316
577,0.575931,30.27411,0.76,0.28,NA,0.3167492,"Uganda","western","Uganda DHS 2011",0,16.686
578,0.557228,30.259488,0.636363636363636,0.0454545454545455,NA,-0.285760909090909,"Uganda","western","Uganda DHS 2011",1,26.481774
580,0.468785,30.186821,0.521739130434783,0,NA,-0.247944347826087,"Uganda","western","Uganda DHS 2011",1,14.505594
582,0.665685,30.326425,0.782608695652174,0.0434782608695652,NA,-0.104913043478261,"Uganda","western","Uganda DHS 2011",1,29.114366
585,0.623438,30.121176,0.666666666666667,0,NA,-0.300935416666667,"Uganda","western","Uganda DHS 2011",1,23.461752
587,0.216235,30.445981,0.48,0.04,NA,-0.1720888,"Uganda","western","Uganda DHS 2011",0,12.48185
589,0.210348,30.375301,0.375,0,NA,-0.557609166666667,"Uganda","western","Uganda DHS 2011",1,25.434624
591,-0.113822,30.327723,0.4,0,NA,-0.5484088,"Uganda","western","Uganda DHS 2011",1,33.138275
593,0.090519,30.40788,0.458333333333333,0,NA,-0.51468,"Uganda","western","Uganda DHS 2011",1,28.430328
594,0.189633,30.094937,1,0.44,NA,1.1348272,"Uganda","western","Uganda DHS 2011",0,35.0897
595,0.176507,30.078548,0.857142857142857,0.714285714285714,NA,1.45513142857143,"Uganda","western","Uganda DHS 2011",0,6.098463
596,0.031863,29.759365,0.64,0,NA,-0.1851284,"Uganda","western","Uganda DHS 2011",1,16.518975
597,0.028524,29.886201,0.875,0,NA,-0.0734416666666667,"Uganda","western","Uganda DHS 2011",1,26.793336
599,0.095612,29.969078,0.583333333333333,0,NA,-0.2410425,"Uganda","western","Uganda DHS 2011",1,23.61804
601,0.30406,30.142057,0.75,0,NA,-0.0461908333333333,"Uganda","western","Uganda DHS 2011",1,56.040696
603,0.31598,30.193858,0.666666666666667,0,NA,-0.383925416666667,"Uganda","western","Uganda DHS 2011",1,24.90756
606,0.762831,31.074298,0.869565217391304,0.260869565217391,NA,0.975701304347826,"Uganda","western","Uganda DHS 2011",0,76.985255
607,1.129576,31.193115,0.608695652173913,0,NA,-0.388006956521739,"Uganda","western","Uganda DHS 2011",1,64.738054
609,1.020295,31.390817,0.55,0,NA,-0.5542005,"Uganda","western","Uganda DHS 2011",1,25.98894
611,0.992669,31.047971,0.458333333333333,0,NA,-0.387485,"Uganda","western","Uganda DHS 2011",1,30.29628
612,0.992965,30.868969,0.583333333333333,0.166666666666667,NA,0.123734166666667,"Uganda","western","Uganda DHS 2011",1,39.13632
615,0.782235,31.083914,0.541666666666667,0.166666666666667,NA,0.10800875,"Uganda","western","Uganda DHS 2011",1,28.260696
617,0.586041,30.942167,0.521739130434783,0,NA,-0.410530869565217,"Uganda","western","Uganda DHS 2011",1,58.753155
618,0,0,0.5,0,NA,-0.0680159090909091,"Uganda","western","Uganda DHS 2011",1,24.794572
620,0.809149,30.793307,0.478260869565217,0,NA,-0.436129565217391,"Uganda","western","Uganda DHS 2011",1,27.445578
622,0.596022,30.506152,0.608695652173913,0.0434782608695652,NA,0.00769913043478261,"Uganda","western","Uganda DHS 2011",1,24.971284
624,0.603175,30.799467,0.478260869565217,0.0434782608695652,NA,-0.38748347826087,"Uganda","western","Uganda DHS 2011",1,39.862795
627,1.685963,31.704277,0.904761904761905,0.761904761904762,NA,1.57918714285714,"Uganda","western","Uganda DHS 2011",0,7.212828
628,1.927154,32.168239,0.875,0.125,NA,-0.44828,"Uganda","western","Uganda DHS 2011",1,115.109016
630,1.770634,31.432294,0.823529411764706,0.0588235294117647,NA,-0.0783176470588235,"Uganda","western","Uganda DHS 2011",1,29.163687
632,1.69496,31.658522,0.75,0,NA,-0.0602991666666667,"Uganda","western","Uganda DHS 2011",1,34.11456
634,1.781879,31.972857,0.7,0,NA,-0.236192,"Uganda","western","Uganda DHS 2011",1,25.52748
636,1.864084,32.104979,0.652173913043478,0.0869565217391304,NA,-0.571613913043478,"Uganda","western","Uganda DHS 2011",1,28.439937
638,-0.547324,30.134746,0.9,0.7,NA,1.1818555,"Uganda","southwest","Uganda DHS 2011",0,5.23734
639,-0.417413,30.381632,0.48,0,NA,-0.2796368,"Uganda","southwest","Uganda DHS 2011",1,36.985625
641,-0.180641,30.230193,0.4,0,NA,-0.498848,"Uganda","southwest","Uganda DHS 2011",1,35.13212
643,-0.310162,30.047626,0.631578947368421,0,NA,-0.34619,"Uganda","southwest","Uganda DHS 2011",1,29.409245
646,-0.547999,30.060209,0.5,0,NA,-0.182388181818182,"Uganda","southwest","Uganda DHS 2011",1,27.803666
647,-0.591034,29.994167,0.36,0,NA,-0.2790308,"Uganda","southwest","Uganda DHS 2011",1,29.491725
649,-0.625313,30.011972,0.84,0,NA,-0.0880008,"Uganda","southwest","Uganda DHS 2011",1,26.506325
651,-0.624095,30.367601,0.75,0.291666666666667,NA,0.133083333333333,"Uganda","southwest","Uganda DHS 2011",1,30.072816
652,-0.706686,30.1431,0.826086956521739,0.217391304347826,NA,0.49554652173913,"Uganda","southwest","Uganda DHS 2011",1,28.083
654,-1.247377,29.979579,0.95,0.7,NA,1.2436345,"Uganda","southwest","Uganda DHS 2011",0,14.5323
657,-1.279644,30.143088,0.590909090909091,0,NA,-0.318861818181818,"Uganda","southwest","Uganda DHS 2011",1,26.44147
658,-1.1306,29.967404,0.25,0,NA,-0.501075,"Uganda","southwest","Uganda DHS 2011",1,24.56436
660,-1.109841,29.820608,0.260869565217391,0.0434782608695652,NA,-0.329471304347826,"Uganda","southwest","Uganda DHS 2011",1,26.552396
662,-1.133516,30.04911,0.173913043478261,0,NA,-0.375483043478261,"Uganda","southwest","Uganda DHS 2011",1,30.989395
666,-0.710697,29.751515,0.608695652173913,0.0434782608695652,NA,-0.327799130434783,"Uganda","southwest","Uganda DHS 2011",1,32.53005
667,-0.726025,29.692924,0.36,0,NA,-0.5653108,"Uganda","southwest","Uganda DHS 2011",1,43.9896
668,-1.00016,29.861374,0.454545454545455,0,NA,-0.375553636363636,"Uganda","southwest","Uganda DHS 2011",1,29.679826
670,-1.285389,29.782113,0.157894736842105,0,NA,-0.666400526315789,"Uganda","southwest","Uganda DHS 2011",1,21.796173
672,-1.282571,29.645205,0.76,0,NA,-0.0307848,"Uganda","southwest","Uganda DHS 2011",1,27.538825
673,-1.279915,29.6166,0.36,0.04,NA,-0.3422352,"Uganda","southwest","Uganda DHS 2011",1,30.6767
674,-0.604503,30.668652,1,0.636363636363636,NA,1.38826136363636,"Uganda","southwest","Uganda DHS 2011",0,9.034806
675,-0.599312,30.642833,0.944444444444444,0.611111111111111,NA,0.987780555555556,"Uganda","southwest","Uganda DHS 2011",0,25.26273
677,-0.893869,30.834241,0.72,0.04,NA,-0.150718,"Uganda","southwest","Uganda DHS 2011",1,32.627525
680,-0.202705,30.380418,0.363636363636364,0.0454545454545455,NA,-0.447495909090909,"Uganda","southwest","Uganda DHS 2011",1,26.046658
682,0.133683,30.579238,0.521739130434783,0,NA,-0.428012608695652,"Uganda","southwest","Uganda DHS 2011",1,34.906364
684,-0.907899,30.63917,0.666666666666667,0,NA,-0.153234166666667,"Uganda","southwest","Uganda DHS 2011",1,18.199248
686,-1.010459,30.665653,0.708333333333333,0.166666666666667,NA,-0.0175833333333333,"Uganda","southwest","Uganda DHS 2011",1,37.994184
687,-0.927108,30.681867,0.416666666666667,0,NA,-0.38411125,"Uganda","southwest","Uganda DHS 2011",1,35.3352
688,-0.554126,30.674883,1,0.523809523809524,NA,1.30302428571429,"Uganda","southwest","Uganda DHS 2011",1,17.878455
689,-0.375025,30.567537,0.6,0.08,NA,0.0875716,"Uganda","southwest","Uganda DHS 2011",1,28.666425
692,0.133052,30.573348,0.434782608695652,0,NA,-0.25312,"Uganda","southwest","Uganda DHS 2011",1,21.243697
694,-0.2031,30.696948,0.695652173913043,0.217391304347826,NA,0.102595652173913,"Uganda","southwest","Uganda DHS 2011",1,23.169717
696,-0.823093,30.64669,0.64,0,NA,-0.2758948,"Uganda","southwest","Uganda DHS 2011",1,34.643875
700,-0.899952,30.163067,0.541666666666667,0,NA,-0.163485833333333,"Uganda","southwest","Uganda DHS 2011",1,31.88856
702,-0.857743,30.479523,0.5,0,NA,-0.3962025,"Uganda","southwest","Uganda DHS 2011",1,41.033688
704,-0.970732,30.385931,0.4,0.04,NA,-0.5452188,"Uganda","southwest","Uganda DHS 2011",1,27.194575
706,-0.952224,30.107658,0.44,0.04,NA,-0.187726,"Uganda","southwest","Uganda DHS 2011",1,48.98725
707,-0.796772,29.931162,0.956521739130435,0.652173913043478,NA,1.25651913043478,"Uganda","southwest","Uganda DHS 2011",0,12.016166
709,-0.967814,29.988417,0.48,0,NA,-0.4195884,"Uganda","southwest","Uganda DHS 2011",1,32.411325
712,-0.688925,29.938125,0.545454545454545,0.0454545454545455,NA,-0.209665454545455,"Uganda","southwest","Uganda DHS 2011",1,31.654678
